<?xml version="1.0" encoding="UTF-8"?>
<project-private xmlns="http://www.netbeans.org/ns/project-private/1">
    <editor-bookmarks xmlns="http://www.netbeans.org/ns/editor-bookmarks/2" lastBookmarkId="0"/>
    <open-files xmlns="http://www.netbeans.org/ns/projectui-open-files/2">
        <group>
            <file>file:/home/filip/NetBeansProjects/2.3-Sesiones/web/sesionEje2.jsp</file>
            <file>file:/home/filip/NetBeansProjects/2.3-Sesiones/web/sesionEje.jsp</file>
            <file>file:/home/filip/NetBeansProjects/2.3-Sesiones/web/index.html</file>
            <file>file:/home/filip/NetBeansProjects/2.3-Sesiones/web/sesionEje1.jsp</file>
            <file>file:/home/filip/NetBeansProjects/2.3-Sesiones/web/eje3sesion.html</file>
        </group>
    </open-files>
</project-private>
